Skill	RMSE with models trained separately per skill	RMSE with one model trained on all skills	RMSE with one combined model using empirical estimates for item difficulty
center	0.422070707539	0.427475813434	0.416258786493
x_axis	0.477794039232	0.467810966873	0.45796682382
histogram	0.392850716856	0.395045044198	0.400150910546
shape	0.385691593821	0.40658573713	0.393293768367
spread	0.456189031012	0.472012277497	0.474329453759
h_to_d	0.444036568047	0.457123677621	0.469206552833
y_axis	0.452426164436	0.441475878555	0.437787691807
d_to_h	0.440776040926	0.449802577066	0.432232230308
