Skill	RMSE with models trained separately per skill	RMSE with one model trained on all skills	RMSE with one combined model using empirical estimates for item difficulty
center	0.420742687663	0.427475813434	0.440858622774
x_axis	0.477794039232	0.467810966873	0.506270398995
histogram	0.373964871168	0.449802577066	0.533717680654
shape	0.387007853509	0.40658573713	0.512227450263
spread	0.552025716654	0.472012277497	0.544799640529
h_to_d	0.451406624528	0.395045044198	0.553215604349
y_axis	0.452426164436	0.441475878555	0.619544900504
d_to_h	0.47303012037	0.457123677621	0.53582504345
